timestamp,date_GMT,home_team_name,away_team_name,Game Week,home_ppg,away_ppg,home_team_goal_count,away_team_goal_count,total_goal_count,total_goals_at_half_time,home_team_goal_count_half_time,away_team_goal_count_half_time,home_team_shots,away_team_shots,home_team_shots_on_target,away_team_shots_on_target,home_team_shots_off_target,away_team_shots_off_target,stadium_name,Latitude,Longitude
1533927600,Aug 10 2018 - 7:00pm,Manchester United,Leicester City,1,1.89,1.32,2,1,3,1,1,0,8,8,7,5,1,3,Old Trafford (Manchester),53.4631,-2.2914
1533987000,Aug 11 2018 - 11:30am,Newcastle United,Tottenham Hotspur,1,1.32,1.74,1,2,3,3,1,2,11,13,3,6,8,7,St. James' Park (Newcastle upon Tyne),54.9756,-1.6217
1533996000,Aug 11 2018 - 2:00pm,AFC Bournemouth,Cardiff City,1,1.53,0.74,2,0,2,1,1,0,11,7,5,2,6,5,Vitality Stadium (Bournemouth- Dorset),50.7352,-1.8383
1533996000,Aug 11 2018 - 2:00pm,Fulham,Crystal Palace,1,1.11,1.53,0,2,2,1,0,1,11,11,7,11,4,0,Craven Cottage (London),51.4749,-0.2216
1533996000,Aug 11 2018 - 2:00pm,Huddersfield Town,Chelsea,1,0.47,1.58,0,3,3,2,0,2,6,8,2,5,4,3,John Smith's Stadium (Huddersfield- West Yorkshire),53.6541,-1.7682
1533996000,Aug 11 2018 - 2:00pm,Watford,Brighton & Hove Albion,1,1.42,0.68,2,0,2,1,1,0,15,6,6,0,9,6,Vicarage Road (Watford),51.6498,-0.4015
1534005000,Aug 11 2018 - 4:30pm,Wolverhampton Wanderers,Everton,1,1.79,1.05,2,2,4,2,1,1,10,9,5,6,5,3,Molineux Stadium (Wolverhampton- West Midlands),52.5902,-2.1304
1534077000,Aug 12 2018 - 12:30pm,Liverpool,West Ham United,1,2.79,1.11,4,0,4,2,2,0,16,5,9,3,7,2,Anfield (Liverpool),53.4308,-2.9608
1534077000,Aug 12 2018 - 12:30pm,Southampton,Burnley,1,1.21,0.89,0,0,0,0,0,0,10,13,4,7,6,6,St. Mary's Stadium (Southampton- Hampshire),50.9058,-1.3911
1534086000,Aug 12 2018 - 3:00pm,Arsenal,Manchester City,1,2.37,2.32,0,2,2,1,0,1,8,14,4,9,4,5,Emirates Stadium (London),51.555,-0.1086
1534591800,Aug 18 2018 - 11:30am,Cardiff City,Newcastle United,2,1.05,1.05,0,0,0,0,0,0,8,8,2,7,6,1,Cardiff City Stadium (Cardiff (Caerdydd)),51.4727,-3.203
1534600800,Aug 18 2018 - 2:00pm,Everton,Southampton,2,1.79,0.84,2,1,3,2,2,0,11,11,8,5,3,6,Goodison Park (Liverpool),53.4388,-2.9663
1534600800,Aug 18 2018 - 2:00pm,Leicester City,Wolverhampton Wanderers,2,1.42,1.21,2,0,2,2,2,0,5,11,3,4,2,7,King Power Stadium (Leicester- Leicestershire),52.6204,-1.1422
1534600800,Aug 18 2018 - 2:00pm,Tottenham Hotspur,Fulham,2,2.0,0.26,3,1,4,1,1,0,22,9,12,4,10,5,Wembley Stadium (London),51.556,-0.2795
1534600800,Aug 18 2018 - 2:00pm,West Ham United,AFC Bournemouth,2,1.63,0.84,1,2,3,1,1,0,9,9,6,6,3,3,London Stadium (London),51.5387,-0.0166
1534609800,Aug 18 2018 - 4:30pm,Chelsea,Arsenal,2,2.21,1.32,3,2,5,4,2,2,19,13,12,7,7,6,Stamford Bridge (London),51.4817,-0.191
1534681800,Aug 19 2018 - 12:30pm,Burnley,Watford,2,1.21,1.21,1,3,4,2,1,1,7,7,4,7,3,0,Turf Moor (Burnley),53.789,-2.2302
1534681800,Aug 19 2018 - 12:30pm,Manchester City,Huddersfield Town,2,2.84,0.37,6,1,7,4,3,1,24,4,15,2,9,2,Etihad Stadium (Manchester),53.4831,-2.2009
1534690800,Aug 19 2018 - 3:00pm,Brighton & Hove Albion,Manchester United,2,1.21,1.58,3,2,5,4,3,1,7,8,4,4,3,4,The American Express Community Stadium (Falmer- East Sussex),50.8616,-0.0837
1534791600,Aug 20 2018 - 7:00pm,Crystal Palace,Liverpool,2,1.05,2.32,0,2,2,1,0,1,8,11,3,7,5,4,Selhurst Park (London),51.3983,-0.0855
1535196600,Aug 25 2018 - 11:30am,Wolverhampton Wanderers,Manchester City,3,1.79,2.32,1,1,2,0,0,0,9,13,3,7,6,6,Molineux Stadium (Wolverhampton- West Midlands),52.5902,-2.1304
1535205600,Aug 25 2018 - 2:00pm,AFC Bournemouth,Everton,3,1.53,1.05,2,2,4,0,0,0,16,9,6,4,10,5,Vitality Stadium (Bournemouth- Dorset),50.7352,-1.8383
1535205600,Aug 25 2018 - 2:00pm,Arsenal,West Ham United,3,2.37,1.11,3,1,4,2,1,1,13,11,11,6,2,5,Emirates Stadium (London),51.555,-0.1086
1535205600,Aug 25 2018 - 2:00pm,Huddersfield Town,Cardiff City,3,0.47,0.74,0,0,0,0,0,0,4,11,2,5,2,6,John Smith's Stadium (Huddersfield- West Yorkshire),53.6541,-1.7682
1535205600,Aug 25 2018 - 2:00pm,Southampton,Leicester City,3,1.21,1.32,1,2,3,0,0,0,10,9,6,6,4,3,St. Mary's Stadium (Southampton- Hampshire),50.9058,-1.3911
1535214600,Aug 25 2018 - 4:30pm,Liverpool,Brighton & Hove Albion,3,2.79,0.68,1,0,1,1,1,0,16,5,9,3,7,2,Anfield (Liverpool),53.4308,-2.9608
1535286600,Aug 26 2018 - 12:30pm,Watford,Crystal Palace,3,1.42,1.53,2,1,3,0,0,0,10,9,6,4,4,5,Vicarage Road (Watford),51.6498,-0.4015
1535295600,Aug 26 2018 - 3:00pm,Fulham,Burnley,3,1.11,0.89,4,2,6,5,3,2,23,8,13,3,10,5,Craven Cottage (London),51.4749,-0.2216
1535295600,Aug 26 2018 - 3:00pm,Newcastle United,Chelsea,3,1.32,1.58,1,2,3,0,0,0,5,11,3,4,2,7,St. James' Park (Newcastle upon Tyne),54.9756,-1.6217
1535396400,Aug 27 2018 - 7:00pm,Manchester United,Tottenham Hotspur,3,1.89,1.74,0,3,3,0,0,0,18,8,6,6,12,2,Old Trafford (Manchester),53.4631,-2.2914
1535801400,Sep 01 2018 - 11:30am,Leicester City,Liverpool,4,1.42,2.32,1,2,3,2,0,2,9,9,6,5,3,4,King Power Stadium (Leicester- Leicestershire),52.6204,-1.1422
1535810400,Sep 01 2018 - 2:00pm,Brighton & Hove Albion,Fulham,4,1.21,0.26,2,2,4,1,0,1,13,9,6,6,7,3,The American Express Community Stadium (Falmer- East Sussex),50.8616,-0.0837
1535810400,Sep 01 2018 - 2:00pm,Chelsea,AFC Bournemouth,4,2.21,0.84,2,0,2,0,0,0,13,8,7,2,6,6,Stamford Bridge (London),51.4817,-0.191
1535810400,Sep 01 2018 - 2:00pm,Crystal Palace,Southampton,4,1.05,0.84,0,2,2,0,0,0,14,13,7,7,7,6,Selhurst Park (London),51.3983,-0.0855
1535810400,Sep 01 2018 - 2:00pm,Everton,Huddersfield Town,4,1.79,0.37,1,1,2,2,1,1,10,8,2,7,8,1,Goodison Park (Liverpool),53.4388,-2.9663
1535810400,Sep 01 2018 - 2:00pm,West Ham United,Wolverhampton Wanderers,4,1.63,1.21,0,1,1,0,0,0,9,14,4,7,5,7,London Stadium (London),51.5387,-0.0166
1535819400,Sep 01 2018 - 4:30pm,Manchester City,Newcastle United,4,2.84,1.05,2,1,3,2,1,1,18,4,9,3,9,1,Etihad Stadium (Manchester),53.4831,-2.2009
1535891400,Sep 02 2018 - 12:30pm,Cardiff City,Arsenal,4,1.05,1.32,2,3,5,2,1,1,14,16,4,12,10,4,Cardiff City Stadium (Cardiff (Caerdydd)),51.4727,-3.203
1535900400,Sep 02 2018 - 3:00pm,Burnley,Manchester United,4,1.21,1.58,0,2,2,2,0,2,9,16,3,10,6,6,Turf Moor (Burnley),53.789,-2.2302
1535900400,Sep 02 2018 - 3:00pm,Watford,Tottenham Hotspur,4,1.42,1.74,2,1,3,0,0,0,7,10,4,3,3,7,Vicarage Road (Watford),51.6498,-0.4015
1537011000,Sep 15 2018 - 11:30am,Tottenham Hotspur,Liverpool,5,2.0,2.32,1,2,3,1,0,1,9,16,4,11,5,5,Wembley Stadium (London),51.556,-0.2795
1537020000,Sep 15 2018 - 2:00pm,AFC Bournemouth,Leicester City,5,1.53,1.32,4,2,6,3,3,0,8,13,6,9,2,4,Vitality Stadium (Bournemouth- Dorset),50.7352,-1.8383
1537020000,Sep 15 2018 - 2:00pm,Chelsea,Cardiff City,5,2.21,0.74,4,1,5,3,2,1,16,7,8,3,8,4,Stamford Bridge (London),51.4817,-0.191
1537020000,Sep 15 2018 - 2:00pm,Huddersfield Town,Crystal Palace,5,0.47,1.53,0,1,1,1,0,1,12,5,3,3,9,2,John Smith's Stadium (Huddersfield- West Yorkshire),53.6541,-1.7682
1537020000,Sep 15 2018 - 2:00pm,Manchester City,Fulham,5,2.84,0.26,3,0,3,2,2,0,18,9,10,4,8,5,Etihad Stadium (Manchester),53.4831,-2.2009
1537020000,Sep 15 2018 - 2:00pm,Newcastle United,Arsenal,5,1.32,1.32,1,2,3,0,0,0,3,8,3,3,0,5,St. James' Park (Newcastle upon Tyne),54.9756,-1.6217
1537029000,Sep 15 2018 - 4:30pm,Watford,Manchester United,5,1.42,1.58,1,2,3,2,0,2,9,8,6,7,3,1,Vicarage Road (Watford),51.6498,-0.4015
1537101000,Sep 16 2018 - 12:30pm,Wolverhampton Wanderers,Burnley,5,1.79,0.89,1,0,1,0,0,0,21,8,8,3,13,5,Molineux Stadium (Wolverhampton- West Midlands),52.5902,-2.1304
1537110000,Sep 16 2018 - 3:00pm,Everton,West Ham United,5,1.79,1.11,1,3,4,3,1,2,11,7,5,5,6,2,Goodison Park (Liverpool),53.4388,-2.9663
1537210800,Sep 17 2018 - 7:00pm,Southampton,Brighton & Hove Albion,5,1.21,0.68,2,2,4,1,1,0,12,10,6,5,6,5,St. Mary's Stadium (Southampton- Hampshire),50.9058,-1.3911
1537615800,Sep 22 2018 - 11:30am,Fulham,Watford,6,1.11,1.21,1,1,2,1,0,1,10,11,4,7,6,4,Craven Cottage (London),51.4749,-0.2216
1537624800,Sep 22 2018 - 2:00pm,Burnley,AFC Bournemouth,6,1.21,0.84,4,0,4,2,2,0,9,11,6,6,3,5,Turf Moor (Burnley),53.789,-2.2302
1537624800,Sep 22 2018 - 2:00pm,Cardiff City,Manchester City,6,1.05,2.32,0,5,5,3,0,3,3,15,3,11,0,4,Cardiff City Stadium (Cardiff (Caerdydd)),51.4727,-3.203
1537624800,Sep 22 2018 - 2:00pm,Crystal Palace,Newcastle United,6,1.05,1.05,0,0,0,0,0,0,12,7,5,4,7,3,Selhurst Park (London),51.3983,-0.0855
1537624800,Sep 22 2018 - 2:00pm,Leicester City,Huddersfield Town,6,1.42,0.37,3,1,4,2,1,1,16,8,9,3,7,5,King Power Stadium (Leicester- Leicestershire),52.6204,-1.1422
1537624800,Sep 22 2018 - 2:00pm,Liverpool,Southampton,6,2.79,0.84,3,0,3,3,3,0,10,3,5,2,5,1,Anfield (Liverpool),53.4308,-2.9608
1537624800,Sep 22 2018 - 2:00pm,Manchester United,Wolverhampton Wanderers,6,1.89,1.21,1,1,2,1,1,0,10,12,7,9,3,3,Old Trafford (Manchester),53.4631,-2.2914
1537633800,Sep 22 2018 - 4:30pm,Brighton & Hove Albion,Tottenham Hotspur,6,1.21,1.74,1,2,3,1,0,1,8,13,5,8,3,5,The American Express Community Stadium (Falmer- East Sussex),50.8616,-0.0837
1537705800,Sep 23 2018 - 12:30pm,West Ham United,Chelsea,6,1.63,1.58,0,0,0,0,0,0,6,13,2,7,4,6,London Stadium (London),51.5387,-0.0166
1537714800,Sep 23 2018 - 3:00pm,Arsenal,Everton,6,2.37,1.05,2,0,2,0,0,0,7,9,6,7,1,2,Emirates Stadium (London),51.555,-0.1086
1538220600,Sep 29 2018 - 11:30am,West Ham United,Manchester United,7,1.63,1.58,3,1,4,2,2,0,8,6,4,5,4,1,London Stadium (London),51.5387,-0.0166
1538229600,Sep 29 2018 - 2:00pm,Arsenal,Watford,7,2.37,1.21,2,0,2,0,0,0,9,13,3,6,6,7,Emirates Stadium (London),51.555,-0.1086
1538229600,Sep 29 2018 - 2:00pm,Everton,Fulham,7,1.79,0.26,3,0,3,0,0,0,13,7,7,0,6,7,Goodison Park (Liverpool),53.4388,-2.9663
1538229600,Sep 29 2018 - 2:00pm,Huddersfield Town,Tottenham Hotspur,7,0.47,1.74,0,2,2,2,0,2,9,11,6,7,3,4,John Smith's Stadium (Huddersfield- West Yorkshire),53.6541,-1.7682
1538229600,Sep 29 2018 - 2:00pm,Manchester City,Brighton & Hove Albion,7,2.84,0.68,2,0,2,1,1,0,22,3,9,2,13,1,Etihad Stadium (Manchester),53.4831,-2.2009
1538229600,Sep 29 2018 - 2:00pm,Newcastle United,Leicester City,7,1.32,1.32,0,2,2,1,0,1,6,10,2,6,4,4,St. James' Park (Newcastle upon Tyne),54.9756,-1.6217
1538229600,Sep 29 2018 - 2:00pm,Wolverhampton Wanderers,Southampton,7,1.79,0.84,2,0,2,0,0,0,13,11,7,7,6,4,Molineux Stadium (Wolverhampton- West Midlands),52.5902,-2.1304
1538238600,Sep 29 2018 - 4:30pm,Chelsea,Liverpool,7,2.21,2.32,1,1,2,1,1,0,9,13,5,7,4,6,Stamford Bridge (London),51.4817,-0.191
1538319600,Sep 30 2018 - 3:00pm,Cardiff City,Burnley,7,1.05,0.89,1,2,3,0,0,0,15,4,6,3,9,1,Cardiff City Stadium (Cardiff (Caerdydd)),51.4727,-3.203
1538420400,Oct 01 2018 - 7:00pm,AFC Bournemouth,Crystal Palace,7,1.53,1.53,2,1,3,1,1,0,10,7,6,3,4,4,Vitality Stadium (Bournemouth- Dorset),50.7352,-1.8383
1538766000,Oct 05 2018 - 7:00pm,Brighton & Hove Albion,West Ham United,8,1.21,1.11,1,0,1,1,1,0,9,12,5,5,4,7,The American Express Community Stadium (Falmer- East Sussex),50.8616,-0.0837
1538834400,Oct 06 2018 - 2:00pm,Burnley,Huddersfield Town,8,1.21,0.37,1,1,2,1,1,0,4,10,4,3,0,7,Turf Moor (Burnley),53.789,-2.2302
1538834400,Oct 06 2018 - 2:00pm,Crystal Palace,Wolverhampton Wanderers,8,1.05,1.21,0,1,1,0,0,0,9,8,5,3,4,5,Selhurst Park (London),51.3983,-0.0855
1538834400,Oct 06 2018 - 2:00pm,Leicester City,Everton,8,1.42,1.05,1,2,3,2,1,1,8,14,3,9,5,5,King Power Stadium (Leicester- Leicestershire),52.6204,-1.1422
1538834400,Oct 06 2018 - 2:00pm,Tottenham Hotspur,Cardiff City,8,2.0,0.74,1,0,1,1,1,0,14,9,8,7,6,2,Wembley Stadium (London),51.556,-0.2795
1538834400,Oct 06 2018 - 2:00pm,Watford,AFC Bournemouth,8,1.42,0.84,0,4,4,3,0,3,5,11,3,8,2,3,Vicarage Road (Watford),51.6498,-0.4015
1538843400,Oct 06 2018 - 4:30pm,Manchester United,Newcastle United,8,1.89,1.05,3,2,5,2,0,2,16,14,11,9,5,5,Old Trafford (Manchester),53.4631,-2.2914
1538910000,Oct 07 2018 - 11:00am,Fulham,Arsenal,8,1.11,1.32,1,5,6,2,1,1,13,10,5,8,8,2,Craven Cottage (London),51.4749,-0.2216
1538918100,Oct 07 2018 - 1:15pm,Southampton,Chelsea,8,1.21,1.58,0,3,3,1,0,1,13,10,7,7,6,3,St. Mary's Stadium (Southampton- Hampshire),50.9058,-1.3911
1538926200,Oct 07 2018 - 3:30pm,Liverpool,Manchester City,8,2.79,2.32,0,0,0,0,0,0,7,6,3,3,4,3,Anfield (Liverpool),53.4308,-2.9608
1540035000,Oct 20 2018 - 11:30am,Chelsea,Manchester United,9,2.21,1.58,2,2,4,1,1,0,15,8,7,5,8,3,Stamford Bridge (London),51.4817,-0.191
1540044000,Oct 20 2018 - 2:00pm,AFC Bournemouth,Southampton,9,1.53,0.84,0,0,0,0,0,0,8,7,3,5,5,2,Vitality Stadium (Bournemouth- Dorset),50.7352,-1.8383
1540044000,Oct 20 2018 - 2:00pm,Cardiff City,Fulham,9,1.05,0.26,4,2,6,4,2,2,16,8,6,5,10,3,Cardiff City Stadium (Cardiff (Caerdydd)),51.4727,-3.203
1540044000,Oct 20 2018 - 2:00pm,Manchester City,Burnley,9,2.84,0.89,5,0,5,1,1,0,17,5,11,0,6,5,Etihad Stadium (Manchester),53.4831,-2.2009
1540044000,Oct 20 2018 - 2:00pm,Newcastle United,Brighton & Hove Albion,9,1.32,0.68,0,1,1,1,0,1,19,7,7,3,12,4,St. James' Park (Newcastle upon Tyne),54.9756,-1.6217
1540044000,Oct 20 2018 - 2:00pm,West Ham United,Tottenham Hotspur,9,1.63,1.74,0,1,1,1,0,1,12,7,5,3,7,4,London Stadium (London),51.5387,-0.0166
1540044000,Oct 20 2018 - 2:00pm,Wolverhampton Wanderers,Watford,9,1.79,1.21,0,2,2,2,0,2,8,6,2,4,6,2,Molineux Stadium (Wolverhampton- West Midlands),52.5902,-2.1304
1540053000,Oct 20 2018 - 4:30pm,Huddersfield Town,Liverpool,9,0.47,2.32,0,1,1,1,0,1,8,7,2,3,6,4,John Smith's Stadium (Huddersfield- West Yorkshire),53.6541,-1.7682
1540134000,Oct 21 2018 - 3:00pm,Everton,Crystal Palace,9,1.79,1.53,2,0,2,0,0,0,14,8,5,4,9,4,Goodison Park (Liverpool),53.4388,-2.9663
1540234800,Oct 22 2018 - 7:00pm,Arsenal,Leicester City,9,2.37,1.32,3,1,4,2,1,1,18,6,7,3,11,3,Emirates Stadium (London),51.555,-0.1086
1540648800,Oct 27 2018 - 2:00pm,Brighton & Hove Albion,Wolverhampton Wanderers,10,1.21,1.21,1,0,1,0,0,0,7,16,2,8,5,8,The American Express Community Stadium (Falmer- East Sussex),50.8616,-0.0837
1540648800,Oct 27 2018 - 2:00pm,Fulham,AFC Bournemouth,10,1.11,0.84,0,3,3,1,0,1,11,12,2,6,9,6,Craven Cottage (London),51.4749,-0.2216
1540648800,Oct 27 2018 - 2:00pm,Liverpool,Cardiff City,10,2.79,0.74,4,1,5,1,1,0,14,3,8,2,6,1,Anfield (Liverpool),53.4308,-2.9608
1540648800,Oct 27 2018 - 2:00pm,Southampton,Newcastle United,10,1.21,1.05,0,0,0,0,0,0,18,5,5,0,13,5,St. Mary's Stadium (Southampton- Hampshire),50.9058,-1.3911
1540648800,Oct 27 2018 - 2:00pm,Watford,Huddersfield Town,10,1.42,0.37,3,0,3,2,2,0,13,12,7,8,6,4,Vicarage Road (Watford),51.6498,-0.4015
1540657800,Oct 27 2018 - 4:30pm,Leicester City,West Ham United,10,1.42,1.11,1,1,2,1,0,1,19,10,8,4,11,6,King Power Stadium (Leicester- Leicestershire),52.6204,-1.1422
1540733400,Oct 28 2018 - 1:30pm,Burnley,Chelsea,10,1.21,1.58,0,4,4,1,0,1,6,18,2,9,4,9,Turf Moor (Burnley),53.789,-2.2302
1540733400,Oct 28 2018 - 1:30pm,Crystal Palace,Arsenal,10,1.05,1.32,2,2,4,1,1,0,15,6,4,3,11,3,Selhurst Park (London),51.3983,-0.0855
1540742400,Oct 28 2018 - 4:00pm,Manchester United,Everton,10,1.89,1.05,2,1,3,1,1,0,14,14,11,7,3,7,Old Trafford (Manchester),53.4631,-2.2914
1540843200,Oct 29 2018 - 8:00pm,Tottenham Hotspur,Manchester City,10,2.0,2.32,0,1,1,1,0,1,5,9,2,7,3,2,Wembley Stadium (London),51.556,-0.2795
1541248200,Nov 03 2018 - 12:30pm,AFC Bournemouth,Manchester United,11,1.53,1.58,1,2,3,2,1,1,11,15,8,9,3,6,Vitality Stadium (Bournemouth- Dorset),50.7352,-1.8383
1541257200,Nov 03 2018 - 3:00pm,Cardiff City,Leicester City,11,1.05,1.32,0,1,1,0,0,0,11,10,3,6,8,4,Cardiff City Stadium (Cardiff (Caerdydd)),51.4727,-3.203
1541257200,Nov 03 2018 - 3:00pm,Everton,Brighton & Hove Albion,11,1.79,0.68,3,1,4,2,1,1,13,4,4,4,9,0,Goodison Park (Liverpool),53.4388,-2.9663
1541257200,Nov 03 2018 - 3:00pm,Newcastle United,Watford,11,1.32,1.21,1,0,1,0,0,0,7,12,3,2,4,10,St. James' Park (Newcastle upon Tyne),54.9756,-1.6217
1541257200,Nov 03 2018 - 3:00pm,West Ham United,Burnley,11,1.63,0.89,4,2,6,2,1,1,17,5,11,4,6,1,London Stadium (London),51.5387,-0.0166
1541266200,Nov 03 2018 - 5:30pm,Arsenal,Liverpool,11,2.37,2.32,1,1,2,0,0,0,10,10,5,5,5,5,Emirates Stadium (London),51.555,-0.1086
1541274300,Nov 03 2018 - 7:45pm,Wolverhampton Wanderers,Tottenham Hotspur,11,1.79,1.74,2,3,5,2,0,2,12,10,8,9,4,1,Molineux Stadium (Wolverhampton- West Midlands),52.5902,-2.1304
1541343600,Nov 04 2018 - 3:00pm,Manchester City,Southampton,11,2.84,0.84,6,1,7,5,4,1,14,12,9,7,5,5,Etihad Stadium (Manchester),53.4831,-2.2009
1541347200,Nov 04 2018 - 4:00pm,Chelsea,Crystal Palace,11,2.21,1.53,3,1,4,1,1,0,12,5,7,3,5,2,Stamford Bridge (London),51.4817,-0.191
1541448000,Nov 05 2018 - 8:00pm,Huddersfield Town,Fulham,11,0.47,0.26,1,0,1,1,1,0,9,5,3,2,6,3,John Smith's Stadium (Huddersfield- West Yorkshire),53.6541,-1.7682
1541853000,Nov 10 2018 - 12:30pm,Cardiff City,Brighton & Hove Albion,12,1.05,0.68,2,1,3,2,1,1,16,6,7,4,9,2,Cardiff City Stadium (Cardiff (Caerdydd)),51.4727,-3.203
1541862000,Nov 10 2018 - 3:00pm,Huddersfield Town,West Ham United,12,0.47,1.11,1,1,2,1,1,0,15,10,8,6,7,4,John Smith's Stadium (Huddersfield- West Yorkshire),53.6541,-1.7682
1541862000,Nov 10 2018 - 3:00pm,Leicester City,Burnley,12,1.42,0.89,0,0,0,0,0,0,15,5,6,2,9,3,King Power Stadium (Leicester- Leicestershire),52.6204,-1.1422
1541862000,Nov 10 2018 - 3:00pm,Newcastle United,AFC Bournemouth,12,1.32,0.84,2,1,3,3,2,1,15,10,7,5,8,5,St. James' Park (Newcastle upon Tyne),54.9756,-1.6217
1541862000,Nov 10 2018 - 3:00pm,Southampton,Watford,12,1.21,1.21,1,1,2,1,1,0,11,10,5,7,6,3,St. Mary's Stadium (Southampton- Hampshire),50.9058,-1.3911
1541871000,Nov 10 2018 - 5:30pm,Crystal Palace,Tottenham Hotspur,12,1.05,1.74,0,1,1,0,0,0,11,9,6,3,5,6,Selhurst Park (London),51.3983,-0.0855
1541937600,Nov 11 2018 - 12:00pm,Liverpool,Fulham,12,2.79,0.26,2,0,2,1,1,0,15,8,8,4,7,4,Anfield (Liverpool),53.4308,-2.9608
1541945700,Nov 11 2018 - 2:15pm,Chelsea,Everton,12,2.21,1.05,0,0,0,0,0,0,12,5,5,2,7,3,Stamford Bridge (London),51.4817,-0.191
1541953800,Nov 11 2018 - 4:30pm,Arsenal,Wolverhampton Wanderers,12,2.37,1.21,1,1,2,1,0,1,7,12,4,6,3,6,Emirates Stadium (London),51.555,-0.1086
1541953800,Nov 11 2018 - 4:30pm,Manchester City,Manchester United,12,2.84,1.58,3,1,4,1,1,0,12,3,6,2,6,1,Etihad Stadium (Manchester),53.4831,-2.2009
1543071600,Nov 24 2018 - 3:00pm,Brighton & Hove Albion,Leicester City,13,1.21,1.32,1,1,2,1,1,0,12,7,4,4,8,3,The American Express Community Stadium (Falmer- East Sussex),50.8616,-0.0837
1543071600,Nov 24 2018 - 3:00pm,Everton,Cardiff City,13,1.79,0.74,1,0,1,0,0,0,14,6,9,2,5,4,Goodison Park (Liverpool),53.4388,-2.9663
1543071600,Nov 24 2018 - 3:00pm,Fulham,Southampton,13,1.11,0.84,3,2,5,3,2,1,9,15,6,9,3,6,Craven Cottage (London),51.4749,-0.2216
1543071600,Nov 24 2018 - 3:00pm,Manchester United,Crystal Palace,13,1.89,1.53,0,0,0,0,0,0,10,12,6,3,4,9,Old Trafford (Manchester),53.4631,-2.2914
1543071600,Nov 24 2018 - 3:00pm,Watford,Liverpool,13,1.42,2.32,0,3,3,0,0,0,6,11,2,8,4,3,Vicarage Road (Watford),51.6498,-0.4015
1543071600,Nov 24 2018 - 3:00pm,West Ham United,Manchester City,13,1.63,2.32,0,4,4,3,0,3,7,9,2,7,5,2,London Stadium (London),51.5387,-0.0166
1543080600,Nov 24 2018 - 5:30pm,Tottenham Hotspur,Chelsea,13,2.0,1.58,3,1,4,2,2,0,16,8,10,3,6,5,Wembley Stadium (London),51.556,-0.2795
1543152600,Nov 25 2018 - 1:30pm,AFC Bournemouth,Arsenal,13,1.53,1.32,1,2,3,2,1,1,8,16,6,5,2,11,Vitality Stadium (Bournemouth- Dorset),50.7352,-1.8383
1543161600,Nov 25 2018 - 4:00pm,Wolverhampton Wanderers,Huddersfield Town,13,1.79,0.37,0,2,2,1,0,1,10,11,4,7,6,4,Molineux Stadium (Wolverhampton- West Midlands),52.5902,-2.1304
1543264200,Nov 26 2018 - 8:30pm,Burnley,Newcastle United,13,1.21,1.05,1,2,3,3,1,2,13,12,5,4,8,8,Turf Moor (Burnley),53.789,-2.2302
1543608000,Nov 30 2018 - 8:00pm,Cardiff City,Wolverhampton Wanderers,14,1.05,1.21,2,1,3,1,0,1,12,14,4,5,8,9,Cardiff City Stadium (Cardiff (Caerdydd)),51.4727,-3.203
1543676400,Dec 01 2018 - 3:00pm,Crystal Palace,Burnley,14,1.05,0.89,2,0,2,1,1,0,21,3,10,0,11,3,Selhurst Park (London),51.3983,-0.0855
1543676400,Dec 01 2018 - 3:00pm,Huddersfield Town,Brighton & Hove Albion,14,0.47,0.68,1,2,3,2,1,1,6,10,3,7,3,3,John Smith's Stadium (Huddersfield- West Yorkshire),53.6541,-1.7682
1543676400,Dec 01 2018 - 3:00pm,Leicester City,Watford,14,1.42,1.21,2,0,2,2,2,0,7,7,4,0,3,7,King Power Stadium (Leicester- Leicestershire),52.6204,-1.1422
1543676400,Dec 01 2018 - 3:00pm,Manchester City,AFC Bournemouth,14,2.84,0.84,3,1,4,2,1,1,12,4,7,2,5,2,Etihad Stadium (Manchester),53.4831,-2.2009
1543676400,Dec 01 2018 - 3:00pm,Newcastle United,West Ham United,14,1.32,1.11,0,3,3,1,0,1,12,8,5,5,7,3,St. James' Park (Newcastle upon Tyne),54.9756,-1.6217
1543685400,Dec 01 2018 - 5:30pm,Southampton,Manchester United,14,1.21,1.58,2,2,4,4,2,2,13,10,7,6,6,4,St. Mary's Stadium (Southampton- Hampshire),50.9058,-1.3911
1543752000,Dec 02 2018 - 12:00pm,Chelsea,Fulham,14,2.21,0.26,2,0,2,1,1,0,11,9,10,5,1,4,Stamford Bridge (London),51.4817,-0.191
1543759500,Dec 02 2018 - 2:05pm,Arsenal,Tottenham Hotspur,14,2.37,1.74,4,2,6,3,1,2,19,10,8,7,11,3,Emirates Stadium (London),51.555,-0.1086
1543767300,Dec 02 2018 - 4:15pm,Liverpool,Everton,14,2.79,1.05,1,0,1,0,0,0,14,8,4,4,10,4,Anfield (Liverpool),53.4308,-2.9608
1543952700,Dec 04 2018 - 7:45pm,AFC Bournemouth,Huddersfield Town,15,1.53,0.37,2,1,3,3,2,1,7,17,3,7,4,10,Vitality Stadium (Bournemouth- Dorset),50.7352,-1.8383
1543952700,Dec 04 2018 - 7:45pm,Brighton & Hove Albion,Crystal Palace,15,1.21,1.53,3,1,4,3,3,0,7,14,4,6,3,8,The American Express Community Stadium (Falmer- East Sussex),50.8616,-0.0837
1543952700,Dec 04 2018 - 7:45pm,West Ham United,Cardiff City,15,1.63,0.74,3,1,4,0,0,0,15,8,12,6,3,2,London Stadium (London),51.5387,-0.0166
1543953600,Dec 04 2018 - 8:00pm,Watford,Manchester City,15,1.42,2.32,1,2,3,1,0,1,10,13,8,8,2,5,Vicarage Road (Watford),51.6498,-0.4015
1544039100,Dec 05 2018 - 7:45pm,Burnley,Liverpool,15,1.21,2.32,1,3,4,0,0,0,10,15,7,13,3,2,Turf Moor (Burnley),53.789,-2.2302
1544039100,Dec 05 2018 - 7:45pm,Fulham,Leicester City,15,1.11,1.32,1,1,2,1,1,0,18,12,8,6,10,6,Craven Cottage (London),51.4749,-0.2216
1544039100,Dec 05 2018 - 7:45pm,Wolverhampton Wanderers,Chelsea,15,1.79,1.58,2,1,3,1,0,1,6,14,3,4,3,10,Molineux Stadium (Wolverhampton- West Midlands),52.5902,-2.1304
1544039100,Dec 05 2018 - 7:45pm,Everton,Newcastle United,15,1.79,1.05,1,1,2,2,1,1,12,9,4,6,8,3,Goodison Park (Liverpool),53.4388,-2.9663
1544040000,Dec 05 2018 - 8:00pm,Manchester United,Arsenal,15,1.89,1.32,2,2,4,2,1,1,8,7,8,5,0,2,Old Trafford (Manchester),53.4631,-2.2914
1544040000,Dec 05 2018 - 8:00pm,Tottenham Hotspur,Southampton,15,2.0,0.84,3,1,4,1,1,0,12,15,9,6,3,9,Wembley Stadium (London),51.556,-0.2795
1544272200,Dec 08 2018 - 12:30pm,AFC Bournemouth,Liverpool,16,1.53,2.32,0,4,4,1,0,1,6,9,3,5,3,4,Vitality Stadium (Bournemouth- Dorset),50.7352,-1.8383
1544281200,Dec 08 2018 - 3:00pm,Arsenal,Huddersfield Town,16,2.37,0.37,1,0,1,0,0,0,11,6,3,0,8,6,Emirates Stadium (London),51.555,-0.1086
1544281200,Dec 08 2018 - 3:00pm,Burnley,Brighton & Hove Albion,16,1.21,0.68,1,0,1,1,1,0,9,14,5,2,4,12,Turf Moor (Burnley),53.789,-2.2302
1544281200,Dec 08 2018 - 3:00pm,Cardiff City,Southampton,16,1.05,0.84,1,0,1,0,0,0,13,8,5,2,8,6,Cardiff City Stadium (Cardiff (Caerdydd)),51.4727,-3.203
1544281200,Dec 08 2018 - 3:00pm,Manchester United,Fulham,16,1.89,0.26,4,1,5,3,3,0,18,9,12,5,6,4,Old Trafford (Manchester),53.4631,-2.2914
1544281200,Dec 08 2018 - 3:00pm,West Ham United,Crystal Palace,16,1.63,1.53,3,2,5,1,0,1,12,7,7,5,5,2,London Stadium (London),51.5387,-0.0166
1544290200,Dec 08 2018 - 5:30pm,Chelsea,Manchester City,16,2.21,2.32,2,0,2,1,1,0,7,11,6,5,1,6,Stamford Bridge (London),51.4817,-0.191
1544298300,Dec 08 2018 - 7:45pm,Leicester City,Tottenham Hotspur,16,1.42,1.74,0,2,2,1,0,1,9,7,4,3,5,4,King Power Stadium (Leicester- Leicestershire),52.6204,-1.1422
1544371200,Dec 09 2018 - 4:00pm,Newcastle United,Wolverhampton Wanderers,16,1.32,1.21,1,2,3,2,1,1,10,12,5,7,5,5,St. James' Park (Newcastle upon Tyne),54.9756,-1.6217
1544472000,Dec 10 2018 - 8:00pm,Everton,Watford,16,1.79,1.21,2,2,4,1,1,0,11,11,6,4,5,7,Goodison Park (Liverpool),53.4388,-2.9663
1544877000,Dec 15 2018 - 12:30pm,Manchester City,Everton,17,2.84,1.05,3,1,4,1,1,0,10,8,6,3,4,5,Etihad Stadium (Manchester),53.4831,-2.2009
1544886000,Dec 15 2018 - 3:00pm,Crystal Palace,Leicester City,17,1.05,1.32,1,0,1,1,1,0,7,10,2,3,5,7,Selhurst Park (London),51.3983,-0.0855
1544886000,Dec 15 2018 - 3:00pm,Huddersfield Town,Newcastle United,17,0.47,1.05,0,1,1,0,0,0,13,8,6,6,7,2,John Smith's Stadium (Huddersfield- West Yorkshire),53.6541,-1.7682
1544886000,Dec 15 2018 - 3:00pm,Tottenham Hotspur,Burnley,17,2.0,0.89,1,0,1,0,0,0,10,3,4,0,6,3,Wembley Stadium (London),51.556,-0.2795
1544886000,Dec 15 2018 - 3:00pm,Watford,Cardiff City,17,1.42,0.74,3,2,5,1,1,0,15,8,9,4,6,4,Vicarage Road (Watford),51.6498,-0.4015
1544886000,Dec 15 2018 - 3:00pm,Wolverhampton Wanderers,AFC Bournemouth,17,1.79,0.84,2,0,2,1,1,0,8,9,5,4,3,5,Molineux Stadium (Wolverhampton- West Midlands),52.5902,-2.1304
1544895000,Dec 15 2018 - 5:30pm,Fulham,West Ham United,17,1.11,1.11,0,2,2,2,0,2,14,6,5,4,9,2,Craven Cottage (London),51.4749,-0.2216
1544967000,Dec 16 2018 - 1:30pm,Brighton & Hove Albion,Chelsea,17,1.21,1.58,1,2,3,2,0,2,6,8,3,4,3,4,The American Express Community Stadium (Falmer- East Sussex),50.8616,-0.0837
1544967000,Dec 16 2018 - 1:30pm,Southampton,Arsenal,17,1.21,1.32,3,2,5,3,2,1,9,9,8,5,1,4,St. Mary's Stadium (Southampton- Hampshire),50.9058,-1.3911
1544976000,Dec 16 2018 - 4:00pm,Liverpool,Manchester United,17,2.79,1.58,3,1,4,2,1,1,23,6,12,3,11,3,Anfield (Liverpool),53.4308,-2.9608
1545422400,Dec 21 2018 - 8:00pm,Wolverhampton Wanderers,Liverpool,18,1.79,2.32,0,2,2,1,0,1,10,11,6,7,4,4,Molineux Stadium (Wolverhampton- West Midlands),52.5902,-2.1304
1545481800,Dec 22 2018 - 12:30pm,Arsenal,Burnley,18,2.37,0.89,3,1,4,1,1,0,8,6,7,3,1,3,Emirates Stadium (London),51.555,-0.1086
1545490800,Dec 22 2018 - 3:00pm,AFC Bournemouth,Brighton & Hove Albion,18,1.53,0.68,2,0,2,1,1,0,11,10,4,6,7,4,Vitality Stadium (Bournemouth- Dorset),50.7352,-1.8383
1545490800,Dec 22 2018 - 3:00pm,Chelsea,Leicester City,18,2.21,1.32,0,1,1,0,0,0,14,6,6,4,8,2,Stamford Bridge (London),51.4817,-0.191
1545490800,Dec 22 2018 - 3:00pm,Huddersfield Town,Southampton,18,0.47,0.84,1,3,4,2,0,2,11,13,6,7,5,6,John Smith's Stadium (Huddersfield- West Yorkshire),53.6541,-1.7682
1545490800,Dec 22 2018 - 3:00pm,Manchester City,Crystal Palace,18,2.84,1.53,2,3,5,3,1,2,15,6,6,4,9,2,Etihad Stadium (Manchester),53.4831,-2.2009
1545490800,Dec 22 2018 - 3:00pm,Newcastle United,Fulham,18,1.32,0.26,0,0,0,0,0,0,6,3,0,3,6,0,St. James' Park (Newcastle upon Tyne),54.9756,-1.6217
1545490800,Dec 22 2018 - 3:00pm,West Ham United,Watford,18,1.63,1.21,0,2,2,1,0,1,13,7,8,6,5,1,London Stadium (London),51.5387,-0.0166
1545499800,Dec 22 2018 - 5:30pm,Cardiff City,Manchester United,18,1.05,1.58,1,5,6,4,1,3,9,14,4,10,5,4,Cardiff City Stadium (Cardiff (Caerdydd)),51.4727,-3.203
1545580800,Dec 23 2018 - 4:00pm,Everton,Tottenham Hotspur,18,1.79,1.74,2,6,8,4,1,3,9,16,4,9,5,7,Goodison Park (Liverpool),53.4388,-2.9663
1545827400,Dec 26 2018 - 12:30pm,Fulham,Wolverhampton Wanderers,19,1.11,1.21,1,1,2,0,0,0,11,13,6,6,5,7,Craven Cottage (London),51.4749,-0.2216
1545836400,Dec 26 2018 - 3:00pm,Burnley,Everton,19,1.21,1.05,1,5,6,4,1,3,11,10,5,7,6,3,Turf Moor (Burnley),53.789,-2.2302
1545836400,Dec 26 2018 - 3:00pm,Crystal Palace,Cardiff City,19,1.05,0.74,0,0,0,0,0,0,18,9,6,5,12,4,Selhurst Park (London),51.3983,-0.0855
1545836400,Dec 26 2018 - 3:00pm,Leicester City,Manchester City,19,1.42,2.32,2,1,3,2,1,1,10,9,6,5,4,4,King Power Stadium (Leicester- Leicestershire),52.6204,-1.1422
1545836400,Dec 26 2018 - 3:00pm,Liverpool,Newcastle United,19,2.79,1.05,4,0,4,1,1,0,13,7,9,3,4,4,Anfield (Liverpool),53.4308,-2.9608
1545836400,Dec 26 2018 - 3:00pm,Manchester United,Huddersfield Town,19,1.89,0.37,3,1,4,1,1,0,13,10,11,3,2,7,Old Trafford (Manchester),53.4631,-2.2914
1545836400,Dec 26 2018 - 3:00pm,Tottenham Hotspur,AFC Bournemouth,19,2.0,0.84,5,0,5,3,3,0,10,11,8,5,2,6,Wembley Stadium (London),51.556,-0.2795
1545844500,Dec 26 2018 - 5:15pm,Brighton & Hove Albion,Arsenal,19,1.21,1.32,1,1,2,2,1,1,12,6,4,5,8,1,The American Express Community Stadium (Falmer- East Sussex),50.8616,-0.0837
1545852600,Dec 26 2018 - 7:30pm,Watford,Chelsea,19,1.42,1.58,1,2,3,2,1,1,9,10,3,5,6,5,Vicarage Road (Watford),51.6498,-0.4015
1545939900,Dec 27 2018 - 7:45pm,Southampton,West Ham United,19,1.21,1.11,1,2,3,0,0,0,9,12,6,6,3,6,St. Mary's Stadium (Southampton- Hampshire),50.9058,-1.3911
1546095600,Dec 29 2018 - 3:00pm,Brighton & Hove Albion,Everton,20,1.21,1.05,1,0,1,0,0,0,7,11,4,5,3,6,The American Express Community Stadium (Falmer- East Sussex),50.8616,-0.0837
1546095600,Dec 29 2018 - 3:00pm,Fulham,Huddersfield Town,20,1.11,0.37,1,0,1,0,0,0,13,7,6,6,7,1,Craven Cottage (London),51.4749,-0.2216
1546095600,Dec 29 2018 - 3:00pm,Leicester City,Cardiff City,20,1.42,0.74,0,1,1,0,0,0,11,7,8,4,3,3,King Power Stadium (Leicester- Leicestershire),52.6204,-1.1422
1546095600,Dec 29 2018 - 3:00pm,Tottenham Hotspur,Wolverhampton Wanderers,20,2.0,1.21,1,3,4,1,1,0,8,9,4,5,4,4,Wembley Stadium (London),51.556,-0.2795
1546095600,Dec 29 2018 - 3:00pm,Watford,Newcastle United,20,1.42,1.05,1,1,2,1,0,1,8,7,6,3,2,4,Vicarage Road (Watford),51.6498,-0.4015
1546104600,Dec 29 2018 - 5:30pm,Liverpool,Arsenal,20,2.79,1.32,5,1,6,5,4,1,14,6,11,3,3,3,Anfield (Liverpool),53.4308,-2.9608
1546171200,Dec 30 2018 - 12:00pm,Crystal Palace,Chelsea,20,1.05,1.58,0,1,1,0,0,0,3,9,0,5,3,4,Selhurst Park (London),51.3983,-0.0855
1546179300,Dec 30 2018 - 2:15pm,Burnley,West Ham United,20,1.21,1.11,2,0,2,2,2,0,15,7,6,5,9,2,Turf Moor (Burnley),53.789,-2.2302
1546179300,Dec 30 2018 - 2:15pm,Southampton,Manchester City,20,1.21,2.32,1,3,4,4,1,3,6,11,5,7,1,4,St. Mary's Stadium (Southampton- Hampshire),50.9058,-1.3911
1546187400,Dec 30 2018 - 4:30pm,Manchester United,AFC Bournemouth,20,1.89,0.84,4,1,5,4,3,1,9,6,9,4,0,2,Old Trafford (Manchester),53.4631,-2.2914
1546345800,Jan 01 2019 - 12:30pm,Everton,Leicester City,21,1.79,1.32,0,1,1,0,0,0,10,8,3,5,7,3,Goodison Park (Liverpool),53.4388,-2.9663
1546354800,Jan 01 2019 - 3:00pm,Arsenal,Fulham,21,2.37,0.26,4,1,5,1,1,0,14,9,10,5,4,4,Emirates Stadium (London),51.555,-0.1086
1546363800,Jan 01 2019 - 5:30pm,Cardiff City,Tottenham Hotspur,21,1.05,1.74,0,3,3,3,0,3,6,11,4,5,2,6,Cardiff City Stadium (Cardiff (Caerdydd)),51.4727,-3.203
1546458300,Jan 02 2019 - 7:45pm,Chelsea,Southampton,21,2.21,0.84,0,0,0,0,0,0,9,6,7,3,2,3,Stamford Bridge (London),51.4817,-0.191
1546458300,Jan 02 2019 - 7:45pm,Huddersfield Town,Burnley,21,0.47,0.89,1,2,3,2,1,1,6,16,3,9,3,7,John Smith's Stadium (Huddersfield- West Yorkshire),53.6541,-1.7682
1546458300,Jan 02 2019 - 7:45pm,West Ham United,Brighton & Hove Albion,21,1.63,0.68,2,2,4,0,0,0,13,9,7,7,6,2,London Stadium (London),51.5387,-0.0166
1546458300,Jan 02 2019 - 7:45pm,Wolverhampton Wanderers,Crystal Palace,21,1.79,1.53,0,2,2,0,0,0,7,11,2,5,5,6,Molineux Stadium (Wolverhampton- West Midlands),52.5902,-2.1304
1546459200,Jan 02 2019 - 8:00pm,AFC Bournemouth,Watford,21,1.53,1.21,3,3,6,6,3,3,21,10,13,4,8,6,Vitality Stadium (Bournemouth- Dorset),50.7352,-1.8383
1546459200,Jan 02 2019 - 8:00pm,Newcastle United,Manchester United,21,1.32,1.58,0,2,2,0,0,0,12,14,4,8,8,6,St. James' Park (Newcastle upon Tyne),54.9756,-1.6217
1546545600,Jan 03 2019 - 8:00pm,Manchester City,Liverpool,21,2.84,2.32,2,1,3,1,1,0,9,8,5,6,4,2,Etihad Stadium (Manchester),53.4831,-2.2009
1547296200,Jan 12 2019 - 12:30pm,West Ham United,Arsenal,22,1.63,1.32,1,0,1,0,0,0,11,11,4,3,7,8,London Stadium (London),51.5387,-0.0166
1547305200,Jan 12 2019 - 3:00pm,Brighton & Hove Albion,Liverpool,22,1.21,2.32,0,1,1,0,0,0,6,9,0,4,6,5,The American Express Community Stadium (Falmer- East Sussex),50.8616,-0.0837
1547305200,Jan 12 2019 - 3:00pm,Burnley,Fulham,22,1.21,0.26,2,1,3,3,2,1,7,9,2,5,5,4,Turf Moor (Burnley),53.789,-2.2302
1547305200,Jan 12 2019 - 3:00pm,Cardiff City,Huddersfield Town,22,1.05,0.37,0,0,0,0,0,0,0,7,0,3,0,4,Cardiff City Stadium (Cardiff (Caerdydd)),51.4727,-3.203
1547305200,Jan 12 2019 - 3:00pm,Crystal Palace,Watford,22,1.05,1.21,1,2,3,1,1,0,13,12,7,3,6,9,Selhurst Park (London),51.3983,-0.0855
1547305200,Jan 12 2019 - 3:00pm,Leicester City,Southampton,22,1.42,0.84,1,2,3,2,0,2,15,7,7,4,8,3,King Power Stadium (Leicester- Leicestershire),52.6204,-1.1422
1547314200,Jan 12 2019 - 5:30pm,Chelsea,Newcastle United,22,2.21,1.05,2,1,3,2,1,1,9,9,7,3,2,6,Stamford Bridge (London),51.4817,-0.191
1547388900,Jan 13 2019 - 2:15pm,Everton,AFC Bournemouth,22,1.79,0.84,2,0,2,0,0,0,12,15,4,8,8,7,Goodison Park (Liverpool),53.4388,-2.9663
1547397000,Jan 13 2019 - 4:30pm,Tottenham Hotspur,Manchester United,22,2.0,1.58,0,1,1,1,0,1,18,12,12,9,6,3,Wembley Stadium (London),51.556,-0.2795
1547496000,Jan 14 2019 - 8:00pm,Manchester City,Wolverhampton Wanderers,22,2.84,1.21,3,0,3,2,2,0,17,2,10,0,7,2,Etihad Stadium (Manchester),53.4831,-2.2009
1547901000,Jan 19 2019 - 12:30pm,Wolverhampton Wanderers,Leicester City,23,1.79,1.32,4,3,7,2,2,0,11,12,8,7,3,5,Molineux Stadium (Wolverhampton- West Midlands),52.5902,-2.1304
1547910000,Jan 19 2019 - 3:00pm,AFC Bournemouth,West Ham United,23,1.53,1.11,2,0,2,0,0,0,10,8,5,2,5,6,Vitality Stadium (Bournemouth- Dorset),50.7352,-1.8383
1547910000,Jan 19 2019 - 3:00pm,Liverpool,Crystal Palace,23,2.79,1.53,4,3,7,1,0,1,17,7,10,4,7,3,Anfield (Liverpool),53.4308,-2.9608
1547910000,Jan 19 2019 - 3:00pm,Manchester United,Brighton & Hove Albion,23,1.89,0.68,2,1,3,2,2,0,15,7,6,4,9,3,Old Trafford (Manchester),53.4631,-2.2914
1547910000,Jan 19 2019 - 3:00pm,Newcastle United,Cardiff City,23,1.32,0.74,3,0,3,1,1,0,12,7,7,2,5,5,St. James' Park (Newcastle upon Tyne),54.9756,-1.6217
1547910000,Jan 19 2019 - 3:00pm,Southampton,Everton,23,1.21,1.05,2,1,3,0,0,0,9,4,5,3,4,1,St. Mary's Stadium (Southampton- Hampshire),50.9058,-1.3911
1547910000,Jan 19 2019 - 3:00pm,Watford,Burnley,23,1.42,0.89,0,0,0,0,0,0,8,11,5,4,3,7,Vicarage Road (Watford),51.6498,-0.4015
1547919000,Jan 19 2019 - 5:30pm,Arsenal,Chelsea,23,2.37,1.58,2,0,2,2,2,0,13,11,6,2,7,9,Emirates Stadium (London),51.555,-0.1086
1547991000,Jan 20 2019 - 1:30pm,Huddersfield Town,Manchester City,23,0.47,2.32,0,3,3,1,0,1,6,11,3,5,3,6,John Smith's Stadium (Huddersfield- West Yorkshire),53.6541,-1.7682
1548000000,Jan 20 2019 - 4:00pm,Fulham,Tottenham Hotspur,23,1.11,1.74,1,2,3,1,1,0,10,12,5,6,5,6,Craven Cottage (London),51.4749,-0.2216
1548791100,Jan 29 2019 - 7:45pm,Arsenal,Cardiff City,24,2.37,0.74,2,1,3,0,0,0,10,12,5,3,5,9,Emirates Stadium (London),51.555,-0.1086
1548791100,Jan 29 2019 - 7:45pm,Fulham,Brighton & Hove Albion,24,1.11,0.68,4,2,6,2,0,2,18,11,9,7,9,4,Craven Cottage (London),51.4749,-0.2216
1548791100,Jan 29 2019 - 7:45pm,Huddersfield Town,Everton,24,0.47,1.05,0,1,1,1,0,1,9,10,3,6,6,4,John Smith's Stadium (Huddersfield- West Yorkshire),53.6541,-1.7682
1548791100,Jan 29 2019 - 7:45pm,Wolverhampton Wanderers,West Ham United,24,1.79,1.11,3,0,3,0,0,0,14,4,10,0,4,4,Molineux Stadium (Wolverhampton- West Midlands),52.5902,-2.1304
1548792000,Jan 29 2019 - 8:00pm,Manchester United,Burnley,24,1.89,0.89,2,2,4,0,0,0,21,5,10,5,11,0,Old Trafford (Manchester),53.4631,-2.2914
1548792000,Jan 29 2019 - 8:00pm,Newcastle United,Manchester City,24,1.32,2.32,2,1,3,1,0,1,6,8,3,5,3,3,St. James' Park (Newcastle upon Tyne),54.9756,-1.6217
1548877500,Jan 30 2019 - 7:45pm,AFC Bournemouth,Chelsea,24,1.53,1.58,4,0,4,0,0,0,10,10,8,8,2,2,Vitality Stadium (Bournemouth- Dorset),50.7352,-1.8383
1548877500,Jan 30 2019 - 7:45pm,Southampton,Crystal Palace,24,1.21,1.53,1,1,2,1,0,1,10,13,5,4,5,9,St. Mary's Stadium (Southampton- Hampshire),50.9058,-1.3911
1548878400,Jan 30 2019 - 8:00pm,Liverpool,Leicester City,24,2.79,1.32,1,1,2,2,1,1,9,5,4,3,5,2,Anfield (Liverpool),53.4308,-2.9608
1548878400,Jan 30 2019 - 8:00pm,Tottenham Hotspur,Watford,24,2.0,1.21,2,1,3,1,0,1,10,7,4,2,6,5,Wembley Stadium (London),51.556,-0.2795
1549110600,Feb 02 2019 - 12:30pm,Tottenham Hotspur,Newcastle United,25,2.0,1.05,1,0,1,0,0,0,13,6,5,3,8,3,Wembley Stadium (London),51.556,-0.2795
1549119600,Feb 02 2019 - 3:00pm,Brighton & Hove Albion,Watford,25,1.21,1.21,0,0,0,0,0,0,18,6,5,0,13,6,The American Express Community Stadium (Falmer- East Sussex),50.8616,-0.0837
1549119600,Feb 02 2019 - 3:00pm,Burnley,Southampton,25,1.21,0.84,1,1,2,0,0,0,10,8,7,5,3,3,Turf Moor (Burnley),53.789,-2.2302
1549119600,Feb 02 2019 - 3:00pm,Chelsea,Huddersfield Town,25,2.21,0.37,5,0,5,2,2,0,16,4,8,3,8,1,Stamford Bridge (London),51.4817,-0.191
1549119600,Feb 02 2019 - 3:00pm,Crystal Palace,Fulham,25,1.05,0.26,2,0,2,1,1,0,12,8,7,0,5,8,Selhurst Park (London),51.3983,-0.0855
1549119600,Feb 02 2019 - 3:00pm,Everton,Wolverhampton Wanderers,25,1.79,1.21,1,3,4,3,1,2,7,7,5,5,2,2,Goodison Park (Liverpool),53.4388,-2.9663
1549128600,Feb 02 2019 - 5:30pm,Cardiff City,AFC Bournemouth,25,1.05,0.84,2,0,2,1,1,0,6,8,6,3,0,5,Cardiff City Stadium (Cardiff (Caerdydd)),51.4727,-3.203
1549202700,Feb 03 2019 - 2:05pm,Leicester City,Manchester United,25,1.42,1.58,0,1,1,1,0,1,15,9,7,7,8,2,King Power Stadium (Leicester- Leicestershire),52.6204,-1.1422
1549211400,Feb 03 2019 - 4:30pm,Manchester City,Arsenal,25,2.84,1.32,3,1,4,3,2,1,16,3,13,3,3,0,Etihad Stadium (Manchester),53.4831,-2.2009
1549310400,Feb 04 2019 - 8:00pm,West Ham United,Liverpool,25,1.63,2.32,1,1,2,2,1,1,10,10,3,7,7,3,London Stadium (London),51.5387,-0.0166
1549482300,Feb 06 2019 - 7:45pm,Everton,Manchester City,27,1.79,2.32,0,2,2,1,0,1,2,9,2,5,0,4,Goodison Park (Liverpool),53.4388,-2.9663
1549715400,Feb 09 2019 - 12:30pm,Fulham,Manchester United,26,1.11,1.58,0,3,3,2,0,2,11,12,4,8,7,4,Craven Cottage (London),51.4749,-0.2216
1549724400,Feb 09 2019 - 3:00pm,Crystal Palace,West Ham United,26,1.05,1.11,1,1,2,1,0,1,16,5,6,5,10,0,Selhurst Park (London),51.3983,-0.0855
1549724400,Feb 09 2019 - 3:00pm,Huddersfield Town,Arsenal,26,0.47,1.32,1,2,3,2,0,2,14,9,8,5,6,4,John Smith's Stadium (Huddersfield- West Yorkshire),53.6541,-1.7682
1549724400,Feb 09 2019 - 3:00pm,Liverpool,AFC Bournemouth,26,2.79,0.84,3,0,3,2,2,0,16,8,10,3,6,5,Anfield (Liverpool),53.4308,-2.9608
1549724400,Feb 09 2019 - 3:00pm,Southampton,Cardiff City,26,1.21,0.74,1,2,3,0,0,0,13,7,8,4,5,3,St. Mary's Stadium (Southampton- Hampshire),50.9058,-1.3911
1549724400,Feb 09 2019 - 3:00pm,Watford,Everton,26,1.42,1.05,1,0,1,0,0,0,6,9,3,5,3,4,Vicarage Road (Watford),51.6498,-0.4015
1549733400,Feb 09 2019 - 5:30pm,Brighton & Hove Albion,Burnley,26,1.21,0.89,1,3,4,1,0,1,11,8,7,6,4,2,The American Express Community Stadium (Falmer- East Sussex),50.8616,-0.0837
1549805400,Feb 10 2019 - 1:30pm,Tottenham Hotspur,Leicester City,26,2.0,1.32,3,1,4,1,1,0,8,19,6,10,2,9,Wembley Stadium (London),51.556,-0.2795
1549814400,Feb 10 2019 - 4:00pm,Manchester City,Chelsea,26,2.84,1.58,6,0,6,4,4,0,15,8,10,5,5,3,Etihad Stadium (Manchester),53.4831,-2.2009
1549915200,Feb 11 2019 - 8:00pm,Wolverhampton Wanderers,Newcastle United,26,1.79,1.05,1,1,2,0,0,0,15,6,7,4,8,2,Molineux Stadium (Wolverhampton- West Midlands),52.5902,-2.1304
1550864700,Feb 22 2019 - 7:45pm,Cardiff City,Watford,27,1.05,1.21,1,5,6,1,0,1,12,12,7,8,5,4,Cardiff City Stadium (Cardiff (Caerdydd)),51.4727,-3.203
1550864700,Feb 22 2019 - 7:45pm,West Ham United,Fulham,27,1.63,0.26,3,1,4,3,2,1,17,8,8,6,9,2,London Stadium (London),51.5387,-0.0166
1550925000,Feb 23 2019 - 12:30pm,Burnley,Tottenham Hotspur,27,1.21,1.74,2,1,3,0,0,0,8,12,5,7,3,5,Turf Moor (Burnley),53.789,-2.2302
1550934000,Feb 23 2019 - 3:00pm,AFC Bournemouth,Wolverhampton Wanderers,27,1.53,1.21,1,1,2,1,1,0,9,8,4,3,5,5,Vitality Stadium (Bournemouth- Dorset),50.7352,-1.8383
1550934000,Feb 23 2019 - 3:00pm,Newcastle United,Huddersfield Town,27,1.32,0.37,2,0,2,0,0,0,24,2,13,0,11,2,St. James' Park (Newcastle upon Tyne),54.9756,-1.6217
1550943000,Feb 23 2019 - 5:30pm,Leicester City,Crystal Palace,27,1.42,1.53,1,4,5,1,0,1,16,8,6,6,10,2,King Power Stadium (Leicester- Leicestershire),52.6204,-1.1422
1551017100,Feb 24 2019 - 2:05pm,Arsenal,Southampton,27,2.37,0.84,2,0,2,2,2,0,9,8,5,5,4,3,Emirates Stadium (London),51.555,-0.1086
1551017100,Feb 24 2019 - 2:05pm,Manchester United,Liverpool,27,1.89,2.32,0,0,0,0,0,0,5,6,4,2,1,4,Old Trafford (Manchester),53.4631,-2.2914
1551210300,Feb 26 2019 - 7:45pm,Cardiff City,Everton,28,1.05,1.05,0,3,3,1,0,1,6,10,0,5,6,5,Cardiff City Stadium (Cardiff (Caerdydd)),51.4727,-3.203
1551210300,Feb 26 2019 - 7:45pm,Huddersfield Town,Wolverhampton Wanderers,28,0.47,1.21,1,0,1,0,0,0,13,6,4,0,9,6,John Smith's Stadium (Huddersfield- West Yorkshire),53.6541,-1.7682
1551210300,Feb 26 2019 - 7:45pm,Leicester City,Brighton & Hove Albion,28,1.42,0.68,2,1,3,1,1,0,13,13,4,4,9,9,King Power Stadium (Leicester- Leicestershire),52.6204,-1.1422
1551211200,Feb 26 2019 - 8:00pm,Newcastle United,Burnley,28,1.32,0.89,2,0,2,2,2,0,13,9,4,3,9,6,St. James' Park (Newcastle upon Tyne),54.9756,-1.6217
1551296700,Feb 27 2019 - 7:45pm,Arsenal,AFC Bournemouth,28,2.37,0.84,5,1,6,3,2,1,12,9,8,6,4,3,Emirates Stadium (London),51.555,-0.1086
1551296700,Feb 27 2019 - 7:45pm,Southampton,Fulham,28,1.21,0.26,2,0,2,2,2,0,12,9,5,5,7,4,St. Mary's Stadium (Southampton- Hampshire),50.9058,-1.3911
1551297600,Feb 27 2019 - 8:00pm,Crystal Palace,Manchester United,28,1.05,1.58,1,3,4,1,0,1,14,10,3,5,11,5,Selhurst Park (London),51.3983,-0.0855
1551297600,Feb 27 2019 - 8:00pm,Chelsea,Tottenham Hotspur,28,2.21,1.74,2,0,2,0,0,0,10,6,2,0,8,6,Stamford Bridge (London),51.4817,-0.191
1551297600,Feb 27 2019 - 8:00pm,Liverpool,Watford,28,2.79,1.21,5,0,5,2,2,0,15,5,11,4,4,1,Anfield (Liverpool),53.4308,-2.9608
1551297600,Feb 27 2019 - 8:00pm,Manchester City,West Ham United,28,2.84,1.11,1,0,1,0,0,0,18,3,8,2,10,1,Etihad Stadium (Manchester),53.4831,-2.2009
1551529800,Mar 02 2019 - 12:30pm,Tottenham Hotspur,Arsenal,29,2.0,1.32,1,1,2,1,0,1,11,7,4,5,7,2,Wembley Stadium (London),51.556,-0.2795
1551538800,Mar 02 2019 - 3:00pm,AFC Bournemouth,Manchester City,29,1.53,2.32,0,1,1,0,0,0,0,18,0,8,0,10,Vitality Stadium (Bournemouth- Dorset),50.7352,-1.8383
1551538800,Mar 02 2019 - 3:00pm,Brighton & Hove Albion,Huddersfield Town,29,1.21,0.37,1,0,1,0,0,0,11,5,5,5,6,0,The American Express Community Stadium (Falmer- East Sussex),50.8616,-0.0837
1551538800,Mar 02 2019 - 3:00pm,Burnley,Crystal Palace,29,1.21,1.53,1,3,4,1,0,1,15,9,5,5,10,4,Turf Moor (Burnley),53.789,-2.2302
1551538800,Mar 02 2019 - 3:00pm,Manchester United,Southampton,29,1.89,0.84,3,2,5,1,0,1,16,8,7,4,9,4,Old Trafford (Manchester),53.4631,-2.2914
1551538800,Mar 02 2019 - 3:00pm,Wolverhampton Wanderers,Cardiff City,29,1.79,0.74,2,0,2,2,2,0,12,9,7,5,5,4,Molineux Stadium (Wolverhampton- West Midlands),52.5902,-2.1304
1551547800,Mar 02 2019 - 5:30pm,West Ham United,Newcastle United,29,1.63,1.05,2,0,2,2,2,0,8,9,5,3,3,6,London Stadium (London),51.5387,-0.0166
1551614400,Mar 03 2019 - 12:00pm,Watford,Leicester City,29,1.42,1.32,2,1,3,1,1,0,6,9,6,3,0,6,Vicarage Road (Watford),51.6498,-0.4015
1551621900,Mar 03 2019 - 2:05pm,Fulham,Chelsea,29,1.11,1.58,1,2,3,3,1,2,10,13,6,8,4,5,Craven Cottage (London),51.4749,-0.2216
1551629700,Mar 03 2019 - 4:15pm,Everton,Liverpool,29,1.79,2.32,0,0,0,0,0,0,7,7,4,4,3,3,Goodison Park (Liverpool),53.4388,-2.9663
1552134600,Mar 09 2019 - 12:30pm,Crystal Palace,Brighton & Hove Albion,30,1.05,0.68,1,2,3,1,0,1,9,5,4,4,5,1,Selhurst Park (London),51.3983,-0.0855
1552143600,Mar 09 2019 - 3:00pm,Cardiff City,West Ham United,30,1.05,1.11,2,0,2,1,1,0,14,8,8,3,6,5,Cardiff City Stadium (Cardiff (Caerdydd)),51.4727,-3.203
1552143600,Mar 09 2019 - 3:00pm,Huddersfield Town,AFC Bournemouth,30,0.47,0.84,0,2,2,1,0,1,5,9,2,6,3,3,John Smith's Stadium (Huddersfield- West Yorkshire),53.6541,-1.7682
1552143600,Mar 09 2019 - 3:00pm,Leicester City,Fulham,30,1.42,0.26,3,1,4,1,1,0,17,5,9,4,8,1,King Power Stadium (Leicester- Leicestershire),52.6204,-1.1422
1552143600,Mar 09 2019 - 3:00pm,Newcastle United,Everton,30,1.32,1.05,3,2,5,2,0,2,15,6,8,4,7,2,St. James' Park (Newcastle upon Tyne),54.9756,-1.6217
1552143600,Mar 09 2019 - 3:00pm,Southampton,Tottenham Hotspur,30,1.21,1.74,2,1,3,1,0,1,9,15,5,6,4,9,St. Mary's Stadium (Southampton- Hampshire),50.9058,-1.3911
1552152600,Mar 09 2019 - 5:30pm,Manchester City,Watford,30,2.84,1.21,3,1,4,0,0,0,17,2,10,2,7,0,Etihad Stadium (Manchester),53.4831,-2.2009
1552219200,Mar 10 2019 - 12:00pm,Liverpool,Burnley,30,2.79,0.89,4,2,6,3,2,1,14,3,6,3,8,0,Anfield (Liverpool),53.4308,-2.9608
1552226700,Mar 10 2019 - 2:05pm,Chelsea,Wolverhampton Wanderers,30,2.21,1.21,1,1,2,0,0,0,9,3,7,2,2,1,Stamford Bridge (London),51.4817,-0.191
1552235400,Mar 10 2019 - 4:30pm,Arsenal,Manchester United,30,2.37,1.58,2,0,2,1,1,0,11,12,4,5,7,7,Emirates Stadium (London),51.555,-0.1086
1552748400,Mar 16 2019 - 3:00pm,AFC Bournemouth,Newcastle United,31,1.53,1.05,2,2,4,1,0,1,11,9,4,5,7,4,Vitality Stadium (Bournemouth- Dorset),50.7352,-1.8383
1552748400,Mar 16 2019 - 3:00pm,Burnley,Leicester City,31,1.21,1.32,1,2,3,2,1,1,10,5,3,5,7,0,Turf Moor (Burnley),53.789,-2.2302
1552748400,Mar 16 2019 - 3:00pm,West Ham United,Huddersfield Town,31,1.63,0.37,4,3,7,3,1,2,11,12,6,6,5,6,London Stadium (London),51.5387,-0.0166
1552832100,Mar 17 2019 - 2:15pm,Fulham,Liverpool,31,1.11,2.32,1,2,3,1,0,1,5,14,3,7,2,7,Craven Cottage (London),51.4749,-0.2216
1552840200,Mar 17 2019 - 4:30pm,Everton,Chelsea,31,1.79,1.58,2,0,2,0,0,0,13,11,9,6,4,5,Goodison Park (Liverpool),53.4388,-2.9663
1553949000,Mar 30 2019 - 12:30pm,Fulham,Manchester City,32,1.11,2.32,0,2,2,2,0,2,4,16,0,8,4,8,Craven Cottage (London),51.4749,-0.2216
1553958000,Mar 30 2019 - 3:00pm,Brighton & Hove Albion,Southampton,32,1.21,0.84,0,1,1,0,0,0,11,7,2,3,9,4,The American Express Community Stadium (Falmer- East Sussex),50.8616,-0.0837
1553958000,Mar 30 2019 - 3:00pm,Burnley,Wolverhampton Wanderers,32,1.21,1.21,2,0,2,1,1,0,5,5,2,2,3,3,Turf Moor (Burnley),53.789,-2.2302
1553958000,Mar 30 2019 - 3:00pm,Crystal Palace,Huddersfield Town,32,1.05,0.37,2,0,2,0,0,0,12,13,6,6,6,7,Selhurst Park (London),51.3983,-0.0855
1553958000,Mar 30 2019 - 3:00pm,Leicester City,AFC Bournemouth,32,1.42,0.84,2,0,2,1,1,0,14,7,5,3,9,4,King Power Stadium (Leicester- Leicestershire),52.6204,-1.1422
1553958000,Mar 30 2019 - 3:00pm,Manchester United,Watford,32,1.89,1.21,2,1,3,1,1,0,7,15,6,9,1,6,Old Trafford (Manchester),53.4631,-2.2914
1553967000,Mar 30 2019 - 5:30pm,West Ham United,Everton,32,1.63,1.05,0,2,2,2,0,2,4,14,2,10,2,4,London Stadium (London),51.5387,-0.0166
1554037500,Mar 31 2019 - 1:05pm,Cardiff City,Chelsea,32,1.05,1.58,1,2,3,0,0,0,8,13,4,4,4,9,Cardiff City Stadium (Cardiff (Caerdydd)),51.4727,-3.203
1554046200,Mar 31 2019 - 3:30pm,Liverpool,Tottenham Hotspur,32,2.79,1.74,2,1,3,1,1,0,12,10,4,3,8,7,Anfield (Liverpool),53.4308,-2.9608
1554145200,Apr 01 2019 - 7:00pm,Arsenal,Newcastle United,32,2.37,1.05,2,0,2,1,1,0,6,4,5,2,1,2,Emirates Stadium (London),51.555,-0.1086
1554230700,Apr 02 2019 - 6:45pm,Watford,Fulham,33,1.42,0.26,4,1,5,2,1,1,9,11,8,8,1,3,Vicarage Road (Watford),51.6498,-0.4015
1554230700,Apr 02 2019 - 6:45pm,Wolverhampton Wanderers,Manchester United,33,1.79,1.58,2,1,3,2,1,1,8,12,3,5,5,7,Molineux Stadium (Wolverhampton- West Midlands),52.5902,-2.1304
1554317100,Apr 03 2019 - 6:45pm,Chelsea,Brighton & Hove Albion,27,2.21,0.68,3,0,3,1,1,0,13,4,5,2,8,2,Stamford Bridge (London),51.4817,-0.191
1554317100,Apr 03 2019 - 6:45pm,Tottenham Hotspur,Crystal Palace,31,2.0,1.53,2,0,2,0,0,0,20,6,11,2,9,4,Tottenham Hotspur Stadium (London),51.6043,-0.0664
1554317100,Apr 03 2019 - 6:45pm,Manchester City,Cardiff City,33,2.84,0.74,2,0,2,2,2,0,26,4,12,2,14,2,Etihad Stadium (Manchester),53.4831,-2.2009
1554490800,Apr 05 2019 - 7:00pm,Southampton,Liverpool,33,1.21,2.32,1,3,4,2,1,1,8,13,2,6,6,7,St. Mary's Stadium (Southampton- Hampshire),50.9058,-1.3911
1554559200,Apr 06 2019 - 2:00pm,AFC Bournemouth,Burnley,33,1.53,0.89,1,3,4,3,1,2,8,8,3,4,5,4,Vitality Stadium (Bournemouth- Dorset),50.7352,-1.8383
1554559200,Apr 06 2019 - 2:00pm,Huddersfield Town,Leicester City,33,0.47,1.32,1,4,5,1,0,1,8,17,5,10,3,7,John Smith's Stadium (Huddersfield- West Yorkshire),53.6541,-1.7682
1554559200,Apr 06 2019 - 2:00pm,Newcastle United,Crystal Palace,33,1.32,1.53,0,1,1,0,0,0,15,4,6,2,9,2,St. James' Park (Newcastle upon Tyne),54.9756,-1.6217
1554642300,Apr 07 2019 - 1:05pm,Everton,Arsenal,33,1.79,1.32,1,0,1,1,1,0,16,6,7,3,9,3,Goodison Park (Liverpool),53.4388,-2.9663
1554750000,Apr 08 2019 - 7:00pm,Chelsea,West Ham United,33,2.21,1.11,2,0,2,1,1,0,14,6,8,3,6,3,Stamford Bridge (London),51.4817,-0.191
1555095600,Apr 12 2019 - 7:00pm,Leicester City,Newcastle United,34,1.42,1.05,0,1,1,1,0,1,12,11,6,6,6,5,King Power Stadium (Leicester- Leicestershire),52.6204,-1.1422
1555155000,Apr 13 2019 - 11:30am,Tottenham Hotspur,Huddersfield Town,34,2.0,0.37,4,0,4,2,2,0,14,7,6,2,8,5,Tottenham Hotspur Stadium (London),51.6043,-0.0664
1555164000,Apr 13 2019 - 2:00pm,Brighton & Hove Albion,AFC Bournemouth,34,1.21,0.84,0,5,5,1,0,1,5,12,2,8,3,4,The American Express Community Stadium (Falmer- East Sussex),50.8616,-0.0837
1555164000,Apr 13 2019 - 2:00pm,Burnley,Cardiff City,34,1.21,0.74,2,0,2,1,1,0,14,10,8,3,6,7,Turf Moor (Burnley),53.789,-2.2302
1555164000,Apr 13 2019 - 2:00pm,Fulham,Everton,34,1.11,1.05,2,0,2,0,0,0,13,8,6,2,7,6,Craven Cottage (London),51.4749,-0.2216
1555164000,Apr 13 2019 - 2:00pm,Southampton,Wolverhampton Wanderers,34,1.21,1.21,3,1,4,3,2,1,11,11,7,3,4,8,St. Mary's Stadium (Southampton- Hampshire),50.9058,-1.3911
1555173000,Apr 13 2019 - 4:30pm,Manchester United,West Ham United,34,1.89,1.11,2,1,3,1,1,0,10,11,5,5,5,6,Old Trafford (Manchester),53.4631,-2.2914
1555247100,Apr 14 2019 - 1:05pm,Crystal Palace,Manchester City,34,1.05,2.32,1,3,4,1,0,1,6,14,4,7,2,7,Selhurst Park (London),51.3983,-0.0855
1555255800,Apr 14 2019 - 3:30pm,Liverpool,Chelsea,34,2.79,1.58,2,0,2,0,0,0,11,6,8,4,3,2,Anfield (Liverpool),53.4308,-2.9608
1555354800,Apr 15 2019 - 7:00pm,Watford,Arsenal,34,1.42,1.32,0,1,1,1,0,1,7,12,4,6,3,6,Vicarage Road (Watford),51.6498,-0.4015
1555440300,Apr 16 2019 - 6:45pm,Brighton & Hove Albion,Cardiff City,31,1.21,0.74,0,2,2,1,0,1,11,7,3,4,8,3,The American Express Community Stadium (Falmer- East Sussex),50.8616,-0.0837
1555759800,Apr 20 2019 - 11:30am,Manchester City,Tottenham Hotspur,35,2.84,1.74,1,0,1,1,1,0,11,8,5,5,6,3,Etihad Stadium (Manchester),53.4831,-2.2009
1555768800,Apr 20 2019 - 2:00pm,AFC Bournemouth,Fulham,35,1.53,0.26,0,1,1,0,0,0,12,12,6,6,6,6,Vitality Stadium (Bournemouth- Dorset),50.7352,-1.8383
1555768800,Apr 20 2019 - 2:00pm,Huddersfield Town,Watford,35,0.47,1.21,1,2,3,1,0,1,9,11,4,7,5,4,John Smith's Stadium (Huddersfield- West Yorkshire),53.6541,-1.7682
1555768800,Apr 20 2019 - 2:00pm,West Ham United,Leicester City,35,1.63,1.32,2,2,4,1,1,0,9,11,4,6,5,5,London Stadium (London),51.5387,-0.0166
1555768800,Apr 20 2019 - 2:00pm,Wolverhampton Wanderers,Brighton & Hove Albion,35,1.79,0.68,0,0,0,0,0,0,20,5,6,0,14,5,Molineux Stadium (Wolverhampton- West Midlands),52.5902,-2.1304
1555777800,Apr 20 2019 - 4:30pm,Newcastle United,Southampton,35,1.32,0.84,3,1,4,2,2,0,11,11,7,4,4,7,St. James' Park (Newcastle upon Tyne),54.9756,-1.6217
1555849800,Apr 21 2019 - 12:30pm,Everton,Manchester United,35,1.79,1.58,4,0,4,2,2,0,12,7,9,2,3,5,Goodison Park (Liverpool),53.4388,-2.9663
1555858800,Apr 21 2019 - 3:00pm,Arsenal,Crystal Palace,35,2.37,1.53,2,3,5,1,0,1,11,13,6,8,5,5,Emirates Stadium (London),51.555,-0.1086
1555858800,Apr 21 2019 - 3:00pm,Cardiff City,Liverpool,35,1.05,2.32,0,2,2,0,0,0,5,15,3,7,2,8,Cardiff City Stadium (Cardiff (Caerdydd)),51.4727,-3.203
1555959600,Apr 22 2019 - 7:00pm,Chelsea,Burnley,35,2.21,0.89,2,2,4,4,2,2,18,6,10,4,8,2,Stamford Bridge (London),51.4817,-0.191
1556045100,Apr 23 2019 - 6:45pm,Watford,Southampton,31,1.42,0.84,1,1,2,1,0,1,8,8,5,5,3,3,Vicarage Road (Watford),51.6498,-0.4015
1556045100,Apr 23 2019 - 6:45pm,Tottenham Hotspur,Brighton & Hove Albion,33,2.0,0.68,1,0,1,0,0,0,18,6,6,2,12,4,Tottenham Hotspur Stadium (London),51.6043,-0.0664
1556131500,Apr 24 2019 - 6:45pm,Wolverhampton Wanderers,Arsenal,31,1.79,1.32,3,1,4,3,3,0,9,6,4,2,5,4,Molineux Stadium (Wolverhampton- West Midlands),52.5902,-2.1304
1556132400,Apr 24 2019 - 7:00pm,Manchester United,Manchester City,31,1.89,2.32,0,2,2,0,0,0,8,9,2,6,6,3,Old Trafford (Manchester),53.4631,-2.2914
1556305200,Apr 26 2019 - 7:00pm,Liverpool,Huddersfield Town,36,2.79,0.37,5,0,5,3,3,0,20,4,8,2,12,2,Anfield (Liverpool),53.4308,-2.9608
1556364600,Apr 27 2019 - 11:30am,Tottenham Hotspur,West Ham United,36,2.0,1.11,0,1,1,0,0,0,9,13,5,8,4,5,Tottenham Hotspur Stadium (London),51.6043,-0.0664
1556373600,Apr 27 2019 - 2:00pm,Crystal Palace,Everton,36,1.05,1.05,0,0,0,0,0,0,6,12,0,4,6,8,Selhurst Park (London),51.3983,-0.0855
1556373600,Apr 27 2019 - 2:00pm,Fulham,Cardiff City,36,1.11,0.74,1,0,1,0,0,0,8,11,3,9,5,2,Craven Cottage (London),51.4749,-0.2216
1556373600,Apr 27 2019 - 2:00pm,Southampton,AFC Bournemouth,36,1.21,0.84,3,3,6,3,1,2,17,10,8,6,9,4,St. Mary's Stadium (Southampton- Hampshire),50.9058,-1.3911
1556373600,Apr 27 2019 - 2:00pm,Watford,Wolverhampton Wanderers,36,1.42,1.21,1,2,3,1,0,1,7,8,2,5,5,3,Vicarage Road (Watford),51.6498,-0.4015
1556382600,Apr 27 2019 - 4:30pm,Brighton & Hove Albion,Newcastle United,36,1.21,1.05,1,1,2,1,0,1,8,5,3,2,5,3,The American Express Community Stadium (Falmer- East Sussex),50.8616,-0.0837
1556449200,Apr 28 2019 - 11:00am,Leicester City,Arsenal,36,1.42,1.32,3,0,3,0,0,0,19,5,13,2,6,3,King Power Stadium (Leicester- Leicestershire),52.6204,-1.1422
1556456700,Apr 28 2019 - 1:05pm,Burnley,Manchester City,36,1.21,2.32,0,1,1,0,0,0,3,12,0,8,3,4,Turf Moor (Burnley),53.789,-2.2302
1556465400,Apr 28 2019 - 3:30pm,Manchester United,Chelsea,36,1.89,1.58,1,1,2,2,1,1,8,11,6,4,2,7,Old Trafford (Manchester),53.4631,-2.2914
1556910000,May 03 2019 - 7:00pm,Everton,Burnley,37,1.79,0.89,2,0,2,2,2,0,16,6,7,2,9,4,Goodison Park (Liverpool),53.4388,-2.9663
1556969400,May 04 2019 - 11:30am,AFC Bournemouth,Tottenham Hotspur,37,1.53,1.74,1,0,1,0,0,0,14,9,7,6,7,3,Vitality Stadium (Bournemouth- Dorset),50.7352,-1.8383
1556978400,May 04 2019 - 2:00pm,West Ham United,Southampton,37,1.63,0.84,3,0,3,1,1,0,13,5,7,2,6,3,London Stadium (London),51.5387,-0.0166
1556978400,May 04 2019 - 2:00pm,Wolverhampton Wanderers,Fulham,37,1.79,0.26,1,0,1,0,0,0,16,6,7,3,9,3,Molineux Stadium (Wolverhampton- West Midlands),52.5902,-2.1304
1556987400,May 04 2019 - 4:30pm,Cardiff City,Crystal Palace,37,1.05,1.53,2,3,5,3,1,2,15,15,9,8,6,7,Cardiff City Stadium (Cardiff (Caerdydd)),51.4727,-3.203
1556995500,May 04 2019 - 6:45pm,Newcastle United,Liverpool,37,1.32,2.32,2,3,5,3,1,2,11,11,8,5,3,6,St. James' Park (Newcastle upon Tyne),54.9756,-1.6217
1557061200,May 05 2019 - 1:00pm,Chelsea,Watford,37,2.21,1.21,3,0,3,0,0,0,16,14,10,4,6,10,Stamford Bridge (London),51.4817,-0.191
1557061200,May 05 2019 - 1:00pm,Huddersfield Town,Manchester United,37,0.47,1.58,1,1,2,1,0,1,6,17,4,8,2,9,John Smith's Stadium (Huddersfield- West Yorkshire),53.6541,-1.7682
1557070200,May 05 2019 - 3:30pm,Arsenal,Brighton & Hove Albion,37,2.37,0.68,1,1,2,1,1,0,14,10,9,6,5,4,Emirates Stadium (London),51.555,-0.1086
1557169200,May 06 2019 - 7:00pm,Manchester City,Leicester City,37,2.84,1.32,1,0,1,0,0,0,16,5,6,3,10,2,Etihad Stadium (Manchester),53.4831,-2.2009
1557669600,May 12 2019 - 2:00pm,Brighton & Hove Albion,Manchester City,38,1.21,2.32,1,4,5,3,1,2,6,13,3,10,3,3,The American Express Community Stadium (Falmer- East Sussex),50.8616,-0.0837
1557669600,May 12 2019 - 2:00pm,Burnley,Arsenal,38,1.21,1.32,1,3,4,0,0,0,12,11,6,7,6,4,Turf Moor (Burnley),53.789,-2.2302
1557669600,May 12 2019 - 2:00pm,Crystal Palace,AFC Bournemouth,38,1.05,0.84,5,3,8,4,3,1,16,15,9,9,7,6,Selhurst Park (London),51.3983,-0.0855
1557669600,May 12 2019 - 2:00pm,Fulham,Newcastle United,38,1.11,1.05,0,4,4,2,0,2,11,13,3,7,8,6,Craven Cottage (London),51.4749,-0.2216
1557669600,May 12 2019 - 2:00pm,Leicester City,Chelsea,38,1.42,1.58,0,0,0,0,0,0,8,12,4,5,4,7,King Power Stadium (Leicester- Leicestershire),52.6204,-1.1422
1557669600,May 12 2019 - 2:00pm,Liverpool,Wolverhampton Wanderers,38,2.79,1.21,2,0,2,1,1,0,11,7,6,3,5,4,Anfield (Liverpool),53.4308,-2.9608
1557669600,May 12 2019 - 2:00pm,Manchester United,Cardiff City,38,1.89,0.74,0,2,2,1,0,1,21,11,11,5,10,6,Old Trafford (Manchester),53.4631,-2.2914
1557669600,May 12 2019 - 2:00pm,Southampton,Huddersfield Town,38,1.21,0.37,1,1,2,1,1,0,7,8,4,4,3,4,St. Mary's Stadium (Southampton- Hampshire),50.9058,-1.3911
1557669600,May 12 2019 - 2:00pm,Tottenham Hotspur,Everton,38,2.0,1.05,2,2,4,1,1,0,9,13,4,10,5,3,Tottenham Hotspur Stadium (London),51.6043,-0.0664
1557669600,May 12 2019 - 2:00pm,Watford,West Ham United,38,1.42,1.11,1,4,5,2,0,2,11,15,9,10,2,5,Vicarage Road (Watford),51.6498,-0.4015
